Category,Platform Type,Platform Name,Healthcare Organization,Country/Region,Implementation Scope,Key Metric 1,Result 1,Key Metric 2,Result 2,Key Metric 3,Result 3,ROI/Revenue Impact,Source URL
CDP,Customer Data Platform,Twilio Segment,Sanofi,Global,"OneView platform for HCP golden profiles, real-time data activation",Data activation efficiency,+95%,Data activation time,From 3+ days to <3 hours,HCP engagement,Improved,"Enhanced HCP engagement, better attribution",https://customers.twilio.com/en-us/sanofi
CDP,Customer Data Platform,Tealium AudienceStream,Partenamut,Belgium,"Unified communications, 1.27M customers, 360-degree view",Email CTR increase,+16.6%,Customer view,360-degree achieved,Agile deployment,Yes,Higher quality customer data,https://tealium.com/resource/case-study/the-foundations-of-a-long-term-marketing-strategy/
CDP,Customer Data Platform,Treasure Data,Global Life Sciences Leader,Global,"Email segmentation, 170K+ HCPs coverage",Re-engagement rates,36%,Email open rates,+22%,Topic recommendations,3M pushed,Improved marketing ROI,https://www.treasuredata.com/customers/global-life-sciences-leader/
CDP,Customer Data Platform,Hightouch CDP,IntelyCare,USA,"Composable CDP, cross-channel activation",Controlled experiments,+700%,ROAS improvement,20x on some audiences,Marketing experiments,From 6 to 60+/year,$1M saved annually in marketing spend,https://hightouch.com/blog/intelycare-customer-studio
CDP,Customer Data Platform,Tealium,Humana,USA,"Website personalization, A/B testing, audience segmentation",Enrollment completions,+20%,Personalization lift,+20%,Consumer touchpoints,Goal 100% personalized,Improved conversion,https://www.cdpinstitute.org/resources/how-humana-built-a-playbook-for-better-personalization-across-the-customer-journey/
CDP,Customer Data Platform,Twilio Segment + Flex,Healthfirst,USA,"HIPAA-eligible CDP, real-time member care visibility",Prescription resolution,Real-time,Medication adherence,Tracked,Proactive outreach,Enabled,Improved member retention,https://www.twilio.com/en-us/press/releases/twilio-unveils-segment-for-healthcare-life-sciences
CDP,Customer Data Platform,Custom Hybrid Cloud,Kaiser Permanente,USA,"6 petabyte platform, identity resolution, ML integration",Platform size,6 petabytes,Cross-domain integration,Achieved,Investment,Led $275M round,Personalized communications enabled,https://www.beckershospitalreview.com/innovation/kaiser-permanente-leads-275m-investment-in-healthcare-data-platform.html
Campaign Management,Marketing Automation,Salesforce Marketing Cloud,Piedmont Healthcare,USA,"Email campaigns, patient/physician engagement",Bounce rates,Dropped 83.5% to 1.3%,Click-through rates,+21% to 8%,Open rates,+6.7% to 32%,$1.6M annual benefit / 83% ROI,https://nucleusresearch.com/research/single/salesforce-marketing-cloud-roi-case-study-piedmont-healthcare/
Campaign Management,Marketing Automation,Salesforce Marketing Cloud,Ascension Health,USA,"Wellness visit campaigns, SMS/email outreach",Wellness visit scheduling,From 5.1% to 26.2%,New appointments,11200+ from 42K patients,Care gap closures,+20%,~100K additional visits/year,https://www.slalom.com/us/en/customer-stories/ascension-empowering-patients-personalized-outreach
Campaign Management,Marketing Automation,HubSpot,Fatebenefratelli,Italy,"Lead nurturing, email campaigns, donation campaigns",Sessions generated,350000 in one year,Leads generated,4000+ in one year,Donations,€2.7M,€2.7M in donations,https://www.hubspot.com/case-studies/fatebenefratelli
Campaign Management,Marketing Automation,HubSpot,Santagostino,Italy,"Telemedicine, 40 medical centers, paid advertising",Bookings from paid,6000,ROAS,5:1,Organic traffic,+1359%,5:1 return on ad spend,https://www.hubspot.com/case-studies/santagostino
Campaign Management,Marketing Automation,Adobe Marketo,Kindred Healthcare,USA,"Enterprise marketing automation, 2787 locations, 47 states",Time per email campaign,Reduced 37%,Reach,Extended beyond field ops,Messaging consistency,Achieved,Improved patient outcomes,https://business.adobe.com/customer-success-stories/kindred-healthcare-case-study.html
Campaign Management,Marketing Automation,Adobe Marketo,Cleveland Clinic,USA,"Multi-step nurture programs, patient acquisition",Lead-to-patient conversion,Reduced 15-30 days,Website visits,153M (+75% YoY),Campaign measurement,Improved,ROI exceeding 1000% for some programs,https://globalprairie.com/work/cleveland-clinic-marketing-automation
Campaign Management,Marketing Automation,Oracle Eloqua,Philips Health Systems,Global,"Lead forms optimization, 82 countries, 100K+ web pages",Form submission quality,+80% minimum,MQL to Opportunity rate,+30-60%,Geographic coverage,82 countries,Significant lead quality improvement,https://www.oracle.com/uk/customers/philips/
Campaign Management,Marketing Automation,Oracle Eloqua,HBF Health,Australia,"Personalized communications, 1M+ members",First campaign,4 months ahead of schedule,Implementation,Completed in 8 months,Member retention,Improved,50%+ market share in Western Australia,https://www.marketone.com/articles/hbf-health-deploys-automation-ahead-of-schedule-with-marketone
Campaign Management,Marketing Automation,Braze,Sesame Care,USA,"Email automation, CDP integration, Canvas campaigns",Conversions per week,15x lift,Marketing contribution,From top 10 to top 3,Web traffic,+633% in one year,25X growth in second year,https://www.braze.com/customers/sesame-care-case-study
Campaign Management,Marketing Automation,Invoca + Marketing Automation,Banner Health,USA,"Call tracking, patient segmentation, customized journeys",Patient acquisition cost,Decreased 74%,Phone queues,Consolidated 400 into one,Book of business contribution,Significantly increased,74% CAC reduction,https://www.invoca.com/customers/banner-health
Campaign Management,Marketing Automation,Marketing Automation Stack,Kaiser Permanente,USA,"Multi-media campaigns, data-driven marketing",Growth,340%,Retention,18% better,Acquisition costs,32% lower,$40M budget with proven ROI,https://markedium.com/healthcare-branding-kaiser-permanente/
CMS,Content Management,Sitecore,HCA Healthcare,USA,"146 facilities, Azure cloud, telemedicine support",Facilities covered,146,Future-proofed,Yes,Platform,Azure cloud,Foundation for digital transformation,https://www.searchstax.com/case-studies/hca-innovates-with-sitecore-and-searchstax-managed-solr/
CMS,Content Management,Sitecore,Pittsburgh Healthcare Provider,USA,"Upgrade from 9.1 to 10.2, 400+ forms migrated",WCAG 2.1 compliance,100%,Uptime,99.99%,Site performance,Significant improvement,Decreased load times,https://www.ceiamerica.com/our-work/case-studies/enhancing-site-performance-and-digital-experiences-with-sitecore/
CMS,Content Management,Sitecore,Sanford Health,USA,"45 hospitals, 289 clinics, user-friendly website",Hospitals covered,45,Clinics covered,289,User experience,Improved,Largest rural nonprofit system,https://www.americaneagle.com/projects/detail/sanford-health
CMS,Content Management,Sitecore,Renown Health,USA,"Consolidated 6000+ pages, multiple integrations",Pages consolidated,6000+,Integrations,Healthwise + Salesforce,Conversions,Increased,Improved engagement,https://www.americaneagle.com/projects/detail/renown-health
CMS,Content Management,Sitecore,The Joint Commission,USA,"22000+ healthcare orgs accredited, e-commerce",E-commerce sales,+20%,Users,+13%,Mobile users,+64%,Revenue growth,https://www.americaneagle.com/insights/blog/post/8-innovative-healthcare-websites-created-with-sitecore
CMS,Content Management,Adobe Experience Manager,Change Healthcare,USA,"Patient screening, financial assistance applications",Patients screened,~150000,Application time,Substantially reduced,Rep hours saved,Daily savings,Millions in potential annual savings,https://business.adobe.com/customer-success-stories/change-healthcare-case-study.html
CMS,Content Management,Adobe Experience Manager,Mercy Health,USA,"COVID-19 digital front door, virtual diagnosis",COVID page launch,1 day,Digital transformation,3-5 years in 3 months,Patient experience,Improved,Strategic positioning,https://business.adobe.com/customer-success-stories/mercy-health-case-study.html
CMS,Content Management,Drupal (Acquia),Steward Health Care,USA,"10 hospitals, 24 urgent care, personalization",Make an Appointment views,+442%,Unique visitors,+112%,Personalization,Implemented,Enhanced patient acquisition,https://www.acquia.com/resources/customer-stories/steward-health-care
CMS,Content Management,Drupal,Healthcare Website,Not specified,"Drupal 9 to 10 upgrade",Organic traffic,From 13K to 41K/quarter,Time on site,From 1.5 to 2.5 min,Customer engagement,+35% goal,Improved engagement,https://www.drupalpartners.com/case-study/drupal-9-to-drupal-10-upgrade-healthcare-website
CMS,Content Management,Drupal (Acquia),MU Health Care,USA,"Academic health center, trauma care",Organic search to doctor pages,+23%,Locations pages traffic,+19%,Quick care pages,+32%,SEO improvements,https://www.acquia.com/resources/customer-stories/university-missouri-health-care
CMS,Content Management,Drupal,Rush University Medical Center,USA,"Website consolidation, 3 hospitals merged",Site visits YoY,+40%,Online appointments,+200%,Organic traffic,+68%,Revenue growth from appointments,https://www.centretek.com/work/rush/
CMS,Content Management,Episerver/Optimizely,Seattle Children's Hospital,USA,"Intranet migration, 10000+ employees",Content remediation,95%+ reduction,Project schedule,2+ months reduced,Staff productivity,Improved,Significant time/cost savings,https://www.wearediagram.com/case-studies/optimizely/intranet-migration/seattle-childrens-hospital
CMS,Content Management,Optimizely CMS,EPG Health (Medthority),UK,"Healthcare professional website",Page views,3x increase vs prior year,Revenue,Doubled,Time to value,Rapid,Doubled revenue,https://www.optimizely.com/insights/epg-health/
CMS,Content Management,Adobe Experience Manager,General (IDC Study),Global,"AEM Assets implementation",5-year benefit,$12.5M per org,Per user benefit,$42717,5-year ROI,461%,366% 3-year ROI,https://www.adobe.com/content/dam/www/us/en/pdf-cards/idc/idc-business-value-case-study.pdf
Personalization,Personalization Platform,Adobe Target,Mercy Health,USA,"COVID-19 screener, content optimization",COVID page,Created in 1 day,Personalization,Individual-level achieved,Experience,Retail-like,Enhanced patient experience,https://business.adobe.com/customer-success-stories/mercy-health-case-study.html
Personalization,Personalization Platform,Adobe Experience Cloud,Walgreens Boots Alliance,USA,"Omnichannel personalization, loyalty members",Retail sales,+155 basis points,Channels,Email + web + mobile,Loyalty engagement,Improved,Significant retail sales boost,https://business.adobe.com/blog/the-latest/adobe-experience-cloud-powers-personalized-healthcare-experiences
Personalization,Personalization Platform,Optimizely,EPG Health,UK,"Content personalization, AI recommendations",Revenue,Doubled in 2 years,Platform,Digital marketplace,Personalization,AI-powered,100% revenue increase,https://www.optimizely.com/insights/epg-health/
Personalization,Personalization Platform,Acquia Personalization,Southwestern Health Resources,USA,"Website personalization, content optimization",Organic traffic,+472%,Appointment clicks,6.5% of users,Award,2018 Acquia Engage,Award-winning results,https://www.acquia.com/resources/case-studies/southwestern-health-resources-swhr
Personalization,Personalization Platform,Sitecore,Healthspan,UK,"Product discovery personalization",Revenue from personalization,+11.6%,Website load speed,+45%,Personalization,Implemented,Double-digit revenue growth,https://www.sitecore.com/explore/industries/healthcare
Personalization,Personalization Platform,Kaiser KPIN (Custom AI),Kaiser Permanente Southern California,USA,"Patient portal, care navigation, intelligent routing",Urgent case detection,97.7% accuracy,Patient satisfaction,+8.6%,Right appointment routing,50% vs 33% industry,Improved care outcomes,https://www.healthcareitnews.com/news/kaiser-permanente-ai-nlp-front-door-heightens-patient-experience
Personalization,Personalization Platform,Tealium CDP,Humana,USA,"Multi-channel campaigns, wellness reminders",Enrollment increase,+20%,Personalization,Website-wide,Campaigns,Preventive care nudges,Significant enrollment growth,https://tealium.com/blog/customer-data-platform/3-ways-companies-used-cdp-for-personalization/
Personalization,Personalization Platform,Tealium CDP,Bupa Healthcare,Global,"Customer data unification, personalized offers",Time to insights,From 14 hours to 30 min,Conversion rates,Rapid improvement,Award,Drum Awards finalist,Faster insights and conversions,https://tealium.com/resource/case-study/bupa-redefines-the-future-of-customer-centric-healthcare-with-tealium-cdp/
CRM,Customer Relationship Management,Salesforce Health Cloud,Cleveland Clinic,USA,"Unified patient data across network",Care coordination delays,Reduced 25%,Missed appointments,Reduced 25%,Patient satisfaction,Improved,Enhanced care delivery,https://penrod.co/salesforce-health-cloud-case-studies/
CRM,Customer Relationship Management,Salesforce Health Cloud,Aetna,USA,"Payer-provider collaboration",Claims processing time,Reduced 15%,Member engagement,Enhanced,Collaboration,Streamlined,Operational efficiency,https://penrod.co/salesforce-health-cloud-case-studies/
CRM,Customer Relationship Management,Salesforce Health Cloud,Sutter Health,USA,"Diabetic population care management",Diabetic patients with reduced HbA1c,30% of targeted,Care gaps,Identified,Analytics,Implemented,Clinical outcomes improvement,https://penrod.co/salesforce-health-cloud-case-studies/
CRM,Customer Relationship Management,Salesforce Health Cloud,Generic Customer,Global,"Full platform adoption",Patient satisfaction,+30%,Administrative tasks,Reduced 40%,No-show rates,Reduced 20%,459% ROI after adoption,https://www.capminds.com/blog/the-ultimate-guide-to-salesforce-health-cloud-implementation-for-healthcare-providers/
CRM,Customer Relationship Management,Microsoft Dynamics 365,St. Luke's University Health Network,USA,"12 hospitals, 300+ sites, Patient 360",Call center capacity,From 500 to 5000/day,Systems consolidated,Multiple into one,Clinical collaboration,Improved,Cost reduction through consolidation,https://www.microsoft.com/en/customers/story/1447295863832519179-sluhn-health-provider-m365-teams-rooms
CRM,Customer Relationship Management,Veeva CRM,Dermatology Company,Global,"Modernized CRM, PromoMats, Marketing Cloud",Adoption rate,100% in 3 months,Support tickets,Significantly reduced,User satisfaction,High,Rapid adoption,https://www.hcltech.com/case-study/transforming-customer-engagement-with-modernized-veeva-crm
CRM,Customer Relationship Management,Veeva CRM,Teva Pharmaceuticals,Global,"Multichannel standardization, 50+ markets",Source of truth,Single achieved,Markets covered,50+,Treatment adoption,40% faster,Unified global strategy,https://intuitionlabs.ai/articles/veeva-vs-salesforce-life-sciences-crm
CRM,Customer Relationship Management,HubSpot CRM,Santagostino,Italy,"Advanced marketing automation",Customer base,9x growth (90K to 830K),Quarterly bookings from CRM,13000,Customer LTV,Increased,Massive customer expansion,https://www.hubspot.com/case-studies/santagostino
CRM,Customer Relationship Management,HubSpot CRM,Conversant Bio,USA,"Tissue procurement, pharma research",Overall leads,2.5x increase,Qualified leads,7x increase,Marketing ROI,+3558%,3558% marketing ROI increase,https://www.grazitti.com/blog/hubspot-for-healthcare-boost-patient-engagement-optimize-workflow-drive-results/
CRM,Customer Relationship Management,Zoho Creator,MGM Healthcare,India,"400-bed hospital, 12 Centers of Excellence",Revenue,+5%,Patient experience,Improved,Equipment monitoring,Real-time,5% revenue increase,https://www.zoho.com/creator/case-studies/healthcare-mgm-patient-management.html
CRM,Customer Relationship Management,Zoho CRM,Multi-Specialty Practice,USA,"Appointment management, EHR integration",Appointment adherence,+35%,Patient satisfaction,From 82% to 93%,No-show rates,Reduced 20%,18% revenue boost,https://boostedcrm.com/zoho-crm-healthcare/
CRM,Customer Relationship Management,Oracle Health AI,AtlantiCare,USA,"110+ locations, 2 hospitals, Clinical AI",Documentation time,Reduced 41%,Time saved per provider,66 min/day,Patient engagement,Improved,Significant efficiency gains,https://www.oracle.com/customers/atlanticare/
Analytics,Analytics & Attribution,Invoca,University Hospitals,USA,"Call tracking, 200 locations, 400K+ calls/month",Patient appointments,+580%,Conversion rate,+300%,Calls getting appointments,From 10% to 68%,40 hours/week saved for analytics team,https://www.invoca.com/customers/university-hospitals
Analytics,Analytics & Attribution,Invoca,Mercury Healthcare,USA,"Multichannel campaigns, call attribution",Call tracking,Hundreds of thousands,Attribution,End-to-end achieved,Marketing ROI,Full visibility,Millions in contribution margin,https://www.invoca.com/customers/mercury-healthcare
Analytics,Analytics & Attribution,Health Catalyst,Intermountain Health,USA,"Denial review automation, analytics platform",Denial cases reviewed,2000+ over 24 months,Denials overturned,$20M+,Reviews per month,From 50 to 200+,$20M+ recovered,https://www.healthcatalyst.com/learn/insights/how-intermountain-health-overcame-healthcare-payer-challenges-robust-data-analytics
Analytics,Analytics & Attribution,Adobe Analytics + AEM,Global Pharma,Global,"AEM platform, click data integration, AWS",Web analytics,Powerful platform,Campaign allocation,Data-driven,User experience,Improved,More effective budget allocation,https://ttms.com/case-studies/adobe-analytics-integration-with-aem/
Analytics,Analytics & Attribution,Heap Analytics,Atria Senior Living,USA,"370+ locations, conversion optimization",Conversions from market pages,+9%,Job post visits,+2.59%,Behavioral segmentation,Nuanced achieved,Improved conversion rates,https://www.heap.io/customer-stories/atria
Analytics,Analytics & Attribution,Mixpanel,Winona (Telehealth),USA,"Funnel optimization, A/B testing, HIPAA-compliant",Drop-off identified,60% at ID upload,A/B test,Skip For Later button,Onboarding completion,Improved,Reduced patient drop-off,https://mixpanel.com/blog/how-healthcare-companies-use-analytics-and-optimization-patient-experience/
Analytics,Analytics & Attribution,Telehealth Analytics,Banner Health,USA,"Telehealth monitoring, cost analytics",Overall costs of care,Reduced 34.5%,Hospitalizations,Reduced 49.5%,30-day readmission rate,Reduced 75%,34.5% cost reduction,https://www.beckershospitalreview.com/healthcare-information-technology/telehealth/
Analytics,Analytics & Attribution,Marketing Analytics,Cleveland Clinic,USA,"160+ campaigns, data warehouse integration",ROI for some programs,Exceeding 1000%,Website visits,153M,Traffic YoY,+75%,Content operation became profit center,https://globalprairie.com/work/cleveland-clinic-marketing-automation
BENCHMARK,Industry Benchmark,Healthcare Email Marketing,Industry Average,Global,Email performance benchmarks,Open rates,21-37%,Click-through rates,1.87-4.64%,Email ROI,$42 per $1 spent,High ROI channel,https://mailchimp.com/resources/email-marketing-benchmarks/
BENCHMARK,Industry Benchmark,Healthcare Conversion,Industry Average,Global,Website conversion benchmarks,Hospital/Clinic CVR,12.33% (highest),Average healthcare CVR,2-7%,Top 25% LP CVR,20.4%,Conversion optimization opportunity,https://firstpagesage.com/reports/patient-conversion-rate-by-practice-type/
BENCHMARK,Industry Benchmark,Patient Acquisition Cost,Industry Average,Global,CAC benchmarks,Patient acquisition cost,$247-$1435,Retention cost,$35-$85,LTV per patient,$10000-$20000,Focus on retention,https://mfgwellness.com/2025/12/05/healthcare-patient-acquisition-costs-2025-industry-benchmark-data/
BENCHMARK,Industry Benchmark,Healthcare Personalization,Industry Average,Global,Personalization ROI benchmarks,ROI range,3:1 to 8:1,ER visits reduction,25-40%,Hospital readmissions,Reduced 20-35%,Within 6-12 months impact,https://healthcaregps.ai/blog/2025/04/roi-personalized-healthcare-navigation-payer-case-studies
BENCHMARK,Industry Benchmark,CDP Implementation,Industry Average,Global,CDP market and ROI,Market size 2028,$1.6 billion,Revenue growth with CDP,2.9x YoY,5% retention increase,25-95% profit increase,Strong ROI potential,https://www.cdpinstitute.org/
BENCHMARK,Industry Benchmark,Healthcare CRM,Industry Average,Global,CRM implementation benchmarks,Patient retention improvement,36-41%,No-show reduction,20-30%,Operational cost reduction,18-25%,24-36 months to positive ROI,https://www.scnsoft.com/case-studies/healthcare-crm-for-medical-and-research-center
BENCHMARK,Industry Benchmark,Healthcare NPS,Industry Average,Global,Patient satisfaction benchmarks,Average Healthcare NPS,+58,Good NPS score,Above 30-40,NPS growth (2017-2020),From 16 to 58,Strong improvement trend,https://www.zonkafeedback.com/blog/nps-in-healthcare-and-patient-satisfaction
BENCHMARK,Industry Benchmark,Digital Experience Platform,Industry Average,Global,Market size projections,Market 2023,$1.26 billion,Market 2030,$4.56 billion,CAGR,12.5%,Growing market,https://www.grandviewresearch.com/industry-analysis/healthcare-digital-experience-platform-market-report
